{
  "message": "",
  "code": 0,
  "data": [
    [
      {
        "phone": "13581887557",
        "name_spell": "liuyi",
        "avatar_url": "http://tp1.sinaimg.cn/5167456916/180/40057948017/1",
        "name": "刘一",
        "userid": "wxid214123sdfasd"
      },
      {
        "phone": "13581887557",
        "name_spell": "chener",
        "avatar_url": "http://tp1.sinaimg.cn/3343337200/180/5745655149/1",
        "name": "陈二",
        "userid": "wxid2123123sdd14"
      },
      {
        "phone": "13581887557",
        "name_spell": "zhangsan",
        "avatar_url": "http://tp3.sinaimg.cn/5483505050/180/5751030225/1",
        "name": "张三",
        "userid": "wxid2132324"
      }
    ],
    [
      {
        "phone": "13581887557",
        "name_spell": "liuyi",
        "avatar_url": "http://tp1.sinaimg.cn/5167456916/180/40057948017/1",
        "name": "刘一",
        "userid": "wxid214123sdfasd"
      },
      {
        "phone": "13581887557",
        "name_spell": "chener",
        "avatar_url": "http://tp1.sinaimg.cn/3343337200/180/5745655149/1",
        "name": "陈二",
        "userid": "wxid2123123sdd14"
      },
      {
        "phone": "13581887557",
        "name_spell": "zhangsan",
        "avatar_url": "http://tp3.sinaimg.cn/5483505050/180/5751030225/1",
        "name": "张三",
        "userid": "wxid2132324"
      },
      {
        "phone": "13581887557",
        "name_spell": "lisi",
        "avatar_url": "http://tp4.sinaimg.cn/2656274875/180/5744017446/1",
        "name": "李四",
        "userid": "wxid214"
      },
      {
        "phone": "13581887557",
        "name_spell": "wangwu",
        "avatar_url": "http://tp4.sinaimg.cn/1345566427/180/5730976522/0",
        "name": "王五",
        "userid": "wxid214"
      },
      {
        "phone": "13581887557",
        "name_spell": "zhaoliu",
        "avatar_url": "http://tp3.sinaimg.cn/3229125510/180/5693916311/1",
        "name": "赵六",
        "userid": "wxid214"
      },
      {
        "phone": "13581887557",
        "name_spell": "sunqi",
        "avatar_url": "http://tp3.sinaimg.cn/1742121542/180/40036262233/1",
        "name": "孙七",
        "userid": "wxid214"
      },
      {
        "phone": "13581887557",
        "name_spell": "zhouba",
        "avatar_url": "http://tp3.sinaimg.cn/1197161814/180/1290146312/1",
        "name": "周八",
        "userid": "wxid214"
      },
      {
        "phone": "13581887557",
        "name_spell": "wujiu",
        "avatar_url": "http://tp4.sinaimg.cn/3217179555/180/5693967295/1",
        "name": "吴九",
        "userid": "wxid214"
      },
      {
        "phone": "13581887557",
        "name_spell": "zhengshi",
        "avatar_url": "http://tp4.sinaimg.cn/1713926427/180/40000875722/1",
        "name": "郑十",
        "userid": "wxid214"
      },
      {
        "phone": "13581887557",
        "name_spell": "annia",
        "avatar_url": "http://tp4.sinaimg.cn/1720173771/180/40048639291/1",
        "name": "安你啊",
        "userid": "wxid214"
      },
      {
        "phone": "13581887557",
        "name_spell": "baoshanshan",
        "avatar_url": "http://tp1.sinaimg.cn/1640016932/180/5710557422/1",
        "name": "鲍姗姗",
        "userid": "wxid215"
      },
      {
        "phone": "13581887557",
        "name_spell": "liqinglin",
        "avatar_url": "http://tp1.sinaimg.cn/1197191492/180/5749865306/1",
        "name": "李青林",
        "userid": "wxid216"
      },
      {
        "phone": "13581887557",
        "name_spell": "chenglong",
        "avatar_url": "http://tp4.sinaimg.cn/1448595507/180/22871434059/0",
        "name": "成龙",
        "userid": "wxid218"
      },
      {
        "phone": "13581887557",
        "name_spell": "lilianjie",
        "avatar_url": "http://tp2.sinaimg.cn/1191044977/180/5692194399/0",
        "name": "李连杰",
        "userid": "wxid220"
      },
      {
        "phone": "13581887557",
        "name_spell": "yinxinya",
        "avatar_url": "http://tp1.sinaimg.cn/1691761292/180/5714716519/1",
        "name": "尹新亚",
        "userid": "wxid222"
      },
      {
        "phone": "13581887557",
        "name_spell": "huge",
        "avatar_url": "http://tp4.sinaimg.cn/1762696131/180/5601957015/1",
        "name": "胡歌",
        "userid": "wxid296"
      },
      {
        "phone": "13581887557",
        "name_spell": "aifosen",
        "avatar_url": "http://tp2.sinaimg.cn/5305630013/180/40066108590/0",
        "name": "艾弗森",
        "userid": "wxid311"
      },
      {
        "phone": "13581887557",
        "name_spell": "wangqingjuan",
        "avatar_url": "http://tp2.sinaimg.cn/1764222885/180/5746233254/1",
        "name": "王轻娟",
        "userid": "wxid1113"
      },
      {
        "phone": "13581887557",
        "name_spell": "chenlei",
        "avatar_url": "http://tp1.sinaimg.cn/1676582524/180/5746022404/1",
        "name": "陈磊",
        "userid": "wxid1299"
      },
      {
        "phone": "13581887557",
        "name_spell": "laihailong",
        "avatar_url": "http://tp2.sinaimg.cn/1097201945/180/40022036076/1",
        "name": "来一桶",
        "userid": "wxid1303"
      },
      {
        "phone": "13581887557",
        "name_spell": "niyu",
        "avatar_url": "http://tp1.sinaimg.cn/2150511032/180/5746008725/1",
        "name": "尼玉",
        "userid": "wxid1375"
      },
      {
        "phone": "13581887557",
        "name_spell": "hubana",
        "avatar_url": "http://tp3.sinaimg.cn/1993292930/180/5662536053/1",
        "name": "胡吧哪",
        "userid": "wxid1435"
      },
      {
        "phone": "13581887557",
        "name_spell": "zhangtianai",
        "avatar_url": "http://tp4.sinaimg.cn/2835724503/180/40035953855/1",
        "name": "张天爱",
        "userid": "wxid1621"
      },
      {
        "phone": "13581887557",
        "name_spell": "zhouxingchi",
        "avatar_url": "http://tp1.sinaimg.cn/1192515960/180/5736061194/0",
        "name": "周星驰",
        "userid": "wxid1675"
      },
      {
        "phone": "13581887557",
        "name_spell": "chenxiao",
        "avatar_url": "http://tp2.sinaimg.cn/1658719597/180/40055796092/0",
        "name": "陈晓",
        "userid": "wxid1741"
      },
      {
        "phone": "13581887557",
        "name_spell": "sunhonglei",
        "avatar_url": "http://tp2.sinaimg.cn/3305085281/180/5731723667/1",
        "name": "孙洪雷",
        "userid": "wxid2105"
      },
      {
        "phone": "13581887557",
        "name_spell": "zhangyoubin",
        "avatar_url": "http://tp4.sinaimg.cn/2610162335/180/5748663345/0",
        "name": "张有彬",
        "userid": "wxid2165"
      },
      {
        "phone": "13581887557",
        "name_spell": "xinlanjun",
        "avatar_url": "http://tp4.sinaimg.cn/1805982651/180/40080855140/1",
        "name": "心蓝俊",
        "userid": "wxid2235"
      },
      {
        "phone": "13581887557",
        "name_spell": "louhongyue",
        "avatar_url": "http://tp3.sinaimg.cn/5810260894/180/5750349202/0",
        "name": "楼红悦",
        "userid": "wxid2305"
      },
      {
        "phone": "13581887557",
        "name_spell": "xingnvlang",
        "avatar_url": "http://tp4.sinaimg.cn/1713926427/180/40000875722/0",
        "name": "星女郎",
        "userid": "wxid2361"
      },
      {
        "phone": "13581887557",
        "name_spell": "meisi",
        "avatar_url": "http://tp3.sinaimg.cn/1743904170/180/40072838469/1",
        "name": "美斯",
        "userid": "wxid2373"
      },
      {
        "phone": "13581887557",
        "name_spell": "jiqingzhuo",
        "avatar_url": "http://tp2.sinaimg.cn/1778458185/180/5751030715/1",
        "name": "季轻酌",
        "userid": "wxid2425"
      },
      {
        "phone": "13581887557",
        "name_spell": "fanlin",
        "avatar_url": "http://tp1.sinaimg.cn/1839963312/180/5742373476/0",
        "name": "范林",
        "userid": "wxid2491"
      },
      {
        "phone": "13581887557",
        "name_spell": "ruanpo",
        "avatar_url": "http://tp2.sinaimg.cn/1182389073/180/5748997668/1",
        "name": "阮泼",
        "userid": "wxid3029"
      },
      {
        "phone": "13581887557",
        "name_spell": "luantianshu",
        "avatar_url": "http://tp2.sinaimg.cn/2516058765/180/5748511083/1",
        "name": "栾天舒",
        "userid": "wxid3089"
      },
      {
        "phone": "13581887557",
        "name_spell": "yuzheng",
        "avatar_url": "http://tp4.sinaimg.cn/3957604691/180/5750028869/0",
        "name": "于蒸",
        "userid": "wxid3169"
      },
      {
        "phone": "13581887557",
        "name_spell": "xusanduo",
        "avatar_url": "http://tp2.sinaimg.cn/1867028705/180/5734710426/0",
        "name": "许三多",
        "userid": "wxid3417"
      },
      {
        "phone": "13581887557",
        "name_spell": "caobitian",
        "avatar_url": "http://tp2.sinaimg.cn/2716819653/180/5728485223/1",
        "name": "曹碧天",
        "userid": "wxid3505"
      },
      {
        "phone": "13581887557",
        "name_spell": "liuneng",
        "avatar_url": "http://tp2.sinaimg.cn/3170450453/180/5748578215/0",
        "name": "刘能",
        "userid": "wxid3829"
      }
    ]
  ]
}
